unique_id,s3_bucket,s3_key,s3_version
76ffa3d1-73b3-431c-9c39-c43a4cdc91ac,project1-08-singap-s3,pictures/774b29f2-ae52-4f91-aac8-5ab672258a99.jpg,
db89ddde-6c2f-4b53-9617-0280786ec27e,project1-08-singap-s3,pictures/8907b48e-80af-484c-b645-aaa15bda78f5.jpg,
983d5a71-537f-4bca-8910-5d5f4b8ca8b3,project1-08-singap-s3,pictures/0e3f2e74-9721-417b-92fe-7aaf232a7410.heic,
20c82f06-491d-4eac-bb29-81d75a63f1a3,project1-08-singap-s3,pictures/d55e4202-6580-4c6a-8b2f-bcef8329be99.jpg,
f4469c13-d696-45a5-80df-1773d4c1f587,project1-08-singap-s3,pictures/27c23a94-acca-46df-a82d-43c6fec0e313.jpg,
b75c2692-d2e4-40ab-a085-61d932d6bb5e,project1-08-singap-s3,pictures/da95a8db-df8e-4bca-93d7-f7dc1658e7da.jpg,
51e66caf-6580-444d-b9a2-01c25fec1e5d,project1-08-singap-s3,pictures/1f0c8b67-4e0f-40ee-9869-08c78e2c68c0.jpg,
e9a4544c-f60b-4ec7-a539-b133d9640ad1,project1-08-singap-s3,pictures/11ecaa93-7755-4e49-99ba-40a0bf5ac916.jpg,
bc4269ab-ea4c-4575-9983-79272bbabae2,project1-08-singap-s3,pictures/f86f9126-1f7f-43b1-8f40-83feb6fb69e7.jpg,
a288ae67-24fa-44a7-9fb5-f74eabc33cc3,project1-08-singap-s3,pictures/48c0d148-ca82-42cc-a018-7da22efe8ae2.jpg,
c467ca0b-2211-47e3-abec-909dc9f08655,project1-08-singap-s3,pictures/c2ba66c8-cf22-4bad-9a30-596a6e108a21.jpg,
16cc1342-6856-417b-8455-dbc59b70be53,project1-08-singap-s3,pictures/7f56113a-e0e4-4960-bf84-566403eafb4a.jpg,
556e3ffd-1416-400d-a8f5-038d97cb4e02,project1-08-singap-s3,pictures/6f6cdd12-fdd0-4cc8-a785-59acb5baac46.jpg,
1c3d52c4-5541-46b8-bedc-8da12b3eb401,project1-08-singap-s3,pictures/ffd8700c-0173-4d6f-93a8-1b441d4b678c.heic,
14aa024b-1e8b-411f-914e-d0bed9c508db,project1-08-singap-s3,pictures/93c6c634-2020-466e-8a41-1029f99a8866.jpg,
b95ddd3b-2b5e-41fc-9c21-a69baa3e020e,project1-08-singap-s3,pictures/559be0e5-8da0-465c-91cd-90c0c9630324.jpg,
d864b96f-206a-45ed-ac67-2c5e6ec719e0,project1-08-singap-s3,pictures/3ae83f41-9bdf-4dc0-a40b-1f9d6243af0e.jpg,
e89f62ec-5106-4802-8d45-253e971f4bc0,project1-08-singap-s3,pictures/af8d2a0d-e37d-4205-befe-2e0d43840101.jpg,
1f104373-5172-4f97-8986-d1427ab67d50,project1-08-singap-s3,pictures/1bc83975-613e-4b16-a703-3cb3f73d2604.jpg,
ba797dca-6f48-4e23-accc-7e360eaef973,project1-08-singap-s3,pictures/1b248e5f-9d71-4cb3-a4a6-883da296df62.jpg,
25282461-ecc3-416b-9620-26d3ea976193,project1-08-singap-s3,pictures/03caaa50-3ddb-47ca-93a1-fb2cfc907fc3.jpg,
e7894afb-b397-44f9-b971-2f0db61defda,project1-08-singap-s3,pictures/a9b53bc0-c084-4233-899b-7a8649912997.jpg,
16e4fced-7fd1-4c7b-9743-1c1b7ffa5f13,project1-08-singap-s3,pictures/046a5f8e-2987-478a-96bb-63d95e2864d6.jpg,
fb0c6e3d-6c0f-463b-8aee-1d9020fd0da3,project1-08-singap-s3,pictures/afc20968-d318-482d-bca1-527bc196460c.jpg,
bf22ee65-019c-44a0-a402-9fa5275d8c66,project1-08-singap-s3,pictures/bb5698d5-0324-417c-83e7-429c8e217276.jpg,
abd429ed-dbc5-4b2c-b5aa-a4dd26ba8189,project1-08-singap-s3,pictures/f71e3ff0-d9de-4860-ae99-eb74ab9d8fb4.jpg,
051cf45e-55bc-4d91-8224-1be9f6967ebf,project1-08-singap-s3,pictures/840abd93-e322-4474-a78b-7b31f793145c.jpg,
6e91c95a-7ed4-4c4f-9281-4a95adeb8e1e,project1-08-singap-s3,pictures/e72159ff-29a2-4c24-9990-c467d63af280.jpg,
1db64057-97c9-4dd7-959a-196342d58104,project1-08-singap-s3,pictures/e53759bf-12f6-4982-99b3-e31375074e83.jpg,
e0f3b35e-9cb0-41fc-9e34-92bc75f09307,project1-08-singap-s3,pictures/56b323f2-53c1-4b1a-80ac-15aae3ac49f4.jpg,
c12a1253-ceac-4aec-b633-4f88113db229,project1-08-singap-s3,pictures/497f2f24-53aa-4331-a99d-05431429e02c.jpg,
bb9e50b1-3322-4467-987a-ccff0b5630c5,project1-08-singap-s3,pictures/54b4b57a-33a5-4edd-8fc2-b8be5531e940.heic,
776bf60f-f9af-4b99-b400-6b6fd1ce2dd3,project1-08-singap-s3,pictures/383ea7a1-5543-4555-86ea-4481d83ab914.jpg,
b3b73f21-5e8f-44cb-a060-310be19ebb23,project1-08-singap-s3,pictures/47f2b8ed-318b-48ec-aee3-34f23da5b787.jpg,
e9fafe5a-ec17-42c3-b249-6e61b864ccfc,project1-08-singap-s3,pictures/4cb4f3dd-4b44-4827-9968-07220e727ead.jpg,
fa6ea507-e3ed-4bc3-931f-d70e0f477182,project1-08-singap-s3,pictures/9fa81a38-49c0-4073-a457-4d9754eb3fc1.jpg,
ed1b169a-e45c-4bd0-8626-10ff23de71c0,project1-08-singap-s3,pictures/f309f331-cc2f-475a-85af-546680a2b0ee.jpg,
d1bea38b-129a-4a79-b490-77579273a924,project1-08-singap-s3,pictures/5437bc4a-224b-4ab0-b153-6073df34b411.jpg,
eb792549-d4bd-4a60-90d8-eda9ed84a705,project1-08-singap-s3,pictures/64220b2a-6099-4ff1-b863-83511736ab63.jpg,
e951241e-2051-44a6-ac3e-c28c41901af2,project1-08-singap-s3,pictures/19373596-348a-49a6-86ec-41231e023a45.jpg,
f4e07156-cfc2-41f9-9d5a-e89bdd024e38,project1-08-singap-s3,pictures/766cba48-0720-495f-b878-74f6365dc1a6.jpg,
503d09a8-398e-4d9a-baeb-09ea1f70ad8c,project1-08-singap-s3,pictures/83400212-7d9e-4527-95bb-b55b6e46e716.jpg,
a2c38bd5-237c-4857-83a9-daf6d0ddfd0d,project1-08-singap-s3,pictures/f92ca868-df62-4a45-9646-df1de5c4c9f6.jpg,
cbe51a54-dc84-4c45-8c05-40544dd7b05b,project1-08-singap-s3,pictures/af45460e-9888-4954-a294-24f44e753bc9.jpg,
5ff744d4-156a-4c7e-abe2-6394a59126a6,project1-08-singap-s3,pictures/e788e095-d7a8-4521-beb7-ee95d4467a25.heic,
cd519d49-d9bd-4fbf-8c9b-73d7593df7bc,project1-08-singap-s3,pictures/1bf03984-39dc-4815-8c3e-39e1b177b27d.jpg,
4070e301-ec6d-4eb7-98b8-483520ad2a8d,project1-08-singap-s3,pictures/4253bbdd-534b-49bc-9954-3dc8bda072ce.jpg,
e5993698-45ad-4451-8817-5fc577c47082,project1-08-singap-s3,pictures/4579cd3d-551a-44eb-b5c0-ef2dd7e6025f.jpg,
e6af3454-8cc5-4d1c-883d-fad275b6d989,project1-08-singap-s3,pictures/6f1384c3-eefb-4e87-8c0d-fc0631318f95.jpg,
ef920b27-7db7-48e3-8c8a-e3ce0c46cebe,project1-08-singap-s3,pictures/e90d4cfa-a0d1-461f-bba9-d873270b8ee0.heic,
cb0ed0c4-0197-4186-ac28-4fe3b6b775f6,project1-08-singap-s3,pictures/5e18c196-4822-4059-9e4f-98791d5902f4.jpg,
ba261029-089c-4832-b374-8458c31c344c,project1-08-singap-s3,pictures/f4e4488d-434e-4b68-a360-e08349a4048c.heic,
b8d5b1d3-331e-4c0b-9fa5-1e0978389b6d,project1-08-singap-s3,pictures/7c343bd9-563a-4587-b792-6fc2c139f7e3.jpg,
12da1525-fb48-484b-971f-e0da3191c474,project1-08-singap-s3,pictures/8b9c7aec-d2f8-465c-8c0b-14b8bc5a9074.jpg,
bf170f88-d480-47d8-b9c3-494bfd1b4d00,project1-08-singap-s3,pictures/27d293ab-1692-46dd-a6c0-043a7f7fe3fa.jpg,
3b655629-09d1-40c2-9ecf-d0aed1e61f3d,project1-08-singap-s3,pictures/7f91a0f6-5a6e-413d-b91f-773256acabdc.jpg,
9ebab84e-8b0b-465a-933d-67d4aa5f1dd9,project1-08-singap-s3,pictures/459bdfad-b0e8-4d27-aa65-550f345828f6.jpg,
0f810a2e-8fca-425a-bc35-af4ae616a26d,project1-08-singap-s3,pictures/ef5446a1-72b3-47b2-9975-652fbbb68c47.jpg,
249f8e20-9117-4622-b12b-af5bf1d22e84,project1-08-singap-s3,pictures/7b4865a1-d6aa-4bf5-bf34-c580c3cb3f8c.jpg,
d40d74c7-c957-44e4-b7c6-367233277b64,project1-08-singap-s3,pictures/c8ef40c1-12ed-4fc4-947f-b1e0ef1cb33f.jpg,
462fcf9e-97bb-4588-b6f5-ff2abe9d4bc4,project1-08-singap-s3,pictures/b38c1d24-d761-40a6-968e-275fe8e24f9b.jpg,
770a551b-e159-4f52-8307-27ffc27eadcf,project1-08-singap-s3,pictures/c41acc2a-22df-4b8d-9577-d2b54a401014.jpg,
4d20707f-abe5-4d8e-b1b3-4b45e8010a07,project1-08-singap-s3,pictures/9b7ed118-6974-4f9b-acdb-1c9232369df1.heic,
1c8a0e40-feae-4e03-aac0-0913fb3a959b,project1-08-singap-s3,pictures/c1ce7636-48fe-482d-89d0-f83fc5b7e25a.jpg,
e9e8cff5-6d06-498c-a97b-99fa2a1f5833,project1-08-singap-s3,pictures/2fe25c02-1f47-4335-9993-64348be0bc50.jpg,
0f903ce3-080a-4348-ba7c-c507380b560c,project1-08-singap-s3,pictures/b698e41d-8b25-42ed-91d4-ccae46c2170f.heic,
8d2eda42-024e-46bb-84cb-5b214940e898,project1-08-singap-s3,pictures/e042d9b1-e1ba-4a0f-880a-1d0ef424604d.jpg,
b0b7d4e2-c6fe-4b66-95be-c57530d7ce21,project1-08-singap-s3,pictures/f0029095-a266-4534-ac34-f56525fbbcf1.jpg,
d3b13f23-2abf-449a-8312-34f9578677c9,project1-08-singap-s3,pictures/91bf60b1-71e2-4626-8d6c-52d145c12a38.jpg,
8bfb5d74-19ba-4bce-a067-1e0b3952fa6b,project1-08-singap-s3,pictures/c5dc4c0e-85f8-4c9c-aa76-c62e581baca4.jpg,
425b7e02-9a59-4cb0-835f-cc6e30931b03,project1-08-singap-s3,pictures/ce55d005-e552-4654-916e-4f1f0df483b2.jpg,
b3edef89-9761-49b9-9852-b16bb97c2eb4,project1-08-singap-s3,pictures/ca395faa-b9df-4769-ac0a-eea071de9346.jpg,
fe0fd70e-f4c7-4542-b8e4-9ee9907429e5,project1-08-singap-s3,pictures/116ebf86-cc91-489d-80a0-363cfab04cac.jpg,
db596192-6a2e-452b-9aec-b1580661da47,project1-08-singap-s3,pictures/d391e317-a8be-4742-b002-c997ce5c296d.jpg,
ed7d00d2-8a27-40d1-8403-503a45e67722,project1-08-singap-s3,pictures/d1642fb6-e797-477b-9b93-85aa7c695fe2.jpg,
f641f135-8a71-46ba-95f2-aa0b3d4b77f7,project1-08-singap-s3,pictures/30f13b05-8789-4cc0-89b7-4f0aa8cf048e.jpg,
b7739603-13f8-4861-ba87-730adafcd849,project1-08-singap-s3,pictures/8105f8f6-5050-4861-b22a-26da6b331241.jpg,
c131ace6-e150-4c67-9d22-98acec5cd8ec,project1-08-singap-s3,pictures/f3eb3140-a69f-48bb-a4ef-af148daaf687.jpg,
f75e830c-f358-4ff2-be0f-0bd1d6f9ebbf,project1-08-singap-s3,pictures/ed358606-fccc-4ef7-99ba-e1cf67219b5c.jpg,
381eb84b-d20f-4eaf-abb7-d794e7199e06,project1-08-singap-s3,pictures/faa66534-7fb8-44a4-8728-9cc948cad029.jpg,
71bb21c0-26c9-4d76-b9c6-e67ac867d315,project1-08-singap-s3,pictures/8606984d-9248-4327-a1fd-03437b66633b.jpg,
e89730f3-08ea-4cea-b16f-c3caa21604ff,project1-08-singap-s3,pictures/cf1a5136-18e2-4bed-8c8f-3e49c81493ef.jpg,
f2248d0e-6741-4f59-a080-6fc59479c600,project1-08-singap-s3,pictures/443e1961-4010-45ad-aacb-9a6724c4747e.jpg,
0dfe818d-6589-4df7-bb6c-1c57cf83ea7f,project1-08-singap-s3,pictures/dfe7acf6-6629-4e57-a45f-965f67b5c755.jpg,
492b50a2-ab87-4125-8a31-6a7c19e2cd0c,project1-08-singap-s3,pictures/7493fdfd-b4c8-4a58-a74c-255229bb6a89.jpg,
4e89ac8b-78c2-4808-a10c-910104be9559,project1-08-singap-s3,pictures/25153bbf-4393-4385-8d12-b9330a791ba5.jpg,
e77a8ad0-6ab9-4543-bc72-d362f2adb496,project1-08-singap-s3,pictures/cac32181-741c-4a03-961c-df25c098dd14.jpg,
d86ebbc9-36cf-44c7-951e-de75f766782c,project1-08-singap-s3,pictures/5bf5f358-d820-410b-a4bb-4d98dcfcdd51.jpg,
fa19fceb-61be-4547-9636-d0bb9e93952f,project1-08-singap-s3,pictures/7eccfba7-305d-41b4-a292-19d0dc6887b6.heic,
45e77763-fc2d-405e-9709-180ed3b843b1,project1-08-singap-s3,pictures/df586d02-7fa7-42c1-9405-ce56601f6178.jpg,
75f2f126-2cc5-46d9-8b3b-26b5ff118c49,project1-08-singap-s3,pictures/73232766-f56e-42a9-9487-2961b24f38a4.heic,
514b9545-4344-474e-8930-3286e6997860,project1-08-singap-s3,pictures/b4f662b9-a27c-49c5-8a9c-f2f647990914.jpg,
c1da6622-428f-4778-9cb1-9214c5a29cb4,project1-08-singap-s3,pictures/4c6cad9f-940b-41bd-ac03-1709ab025937.jpg,
a783d762-826d-4e4f-b8e2-d3c054c6b667,project1-08-singap-s3,pictures/2beae052-a29e-426a-95fd-d58593a83567.jpg,
6523efa5-4654-4cfb-9b6f-d2c2fb9cba7c,project1-08-singap-s3,pictures/29bf3211-d882-4a8d-b4df-99d2b5111977.jpg,
9b0aac36-a084-49af-8b3a-54291118ebf8,project1-08-singap-s3,pictures/95c1ff85-4410-4290-881d-7592cff62c05.jpg,
c937e979-fe3d-4c99-8170-e1a3019d280b,project1-08-singap-s3,pictures/2ad0ea9a-923d-46fd-a384-52b169c6af48.heic,
4fef6d97-f373-44af-845c-88344ac99ece,project1-08-singap-s3,pictures/7cc3e78f-2d4f-410e-8a2d-22e7e089bd2b.jpg,
e82073cf-1fb4-4337-b254-c2c4488bcfbe,project1-08-singap-s3,pictures/d29b2ba8-6ec3-4987-ad94-bee561140615.heic,
f9728f13-c695-4db8-a890-12c0731f3383,project1-08-singap-s3,pictures/9fbfc8c8-bdc8-4005-963b-25140a01ae76.jpg,
5a0d3e79-9238-42c0-9f69-d60985786b72,project1-08-singap-s3,pictures/ffd9dfdc-450e-4999-b731-a2994e652539.jpg,
4359220f-9bdd-4279-9f88-e825c55539e7,project1-08-singap-s3,pictures/2b66d8a8-58b2-4c95-a937-a990323b2cfa.jpg,
5561ed38-9461-406f-810d-07fef2150c69,project1-08-singap-s3,pictures/c7ddb823-f1c1-4b50-881b-2bd8626ebbc4.jpg,
4fbc7bad-1b06-407b-9c8e-c2aaa621bb75,project1-08-singap-s3,pictures/08456144-b9dc-4e60-803c-d3b252979a0d.jpg,
e789bc9b-31ca-4921-8cb5-a04fa1d1bafb,project1-08-singap-s3,pictures/de57bf48-99b9-4449-a675-51cd5ed9faea.jpg,
cb304a54-0615-47d2-965b-413ad1388dfe,project1-08-singap-s3,pictures/f574cc63-30e2-4ac7-a56a-4e8b3ff2399e.jpg,
2fb04551-91dd-4192-b0c9-00c842036b9f,project1-08-singap-s3,pictures/2f099061-70a9-4d2d-8bf0-62f8ab4d23df.jpg,
2d137133-f87e-456e-a3c4-1a9bec883f17,project1-08-singap-s3,pictures/6479de4f-5485-4137-8592-8f6121f5e429.jpg,
92b34642-39a4-45f2-b585-9d31d214549d,project1-08-singap-s3,pictures/29f03825-fb05-40e2-9213-035efd7e4d27.jpg,
27d77947-cce9-4947-a682-46e6dc8d23a3,project1-08-singap-s3,pictures/e4f1ca64-a015-42fb-b938-6ac0a21308be.jpg,
718ae055-3847-4a62-9960-2a5632aec752,project1-08-singap-s3,pictures/4b37d646-a1b3-41d8-a253-66062b36d014.jpg,
6b267d53-231e-4842-9880-0da0237dc572,project1-08-singap-s3,pictures/49296243-c199-4deb-9cdb-3321e6099204.jpg,
c2f9e048-66db-4cff-a998-a7526d12ad5f,project1-08-singap-s3,pictures/0cd0db20-fbd2-4770-ad14-f65087fb9e01.jpg,
e40d6303-30a4-494f-aa47-dd4a93fca906,project1-08-singap-s3,pictures/570a85ff-3810-48ab-9ec2-01579c01bd94.jpg,
cfad9cf1-b5b6-48ec-8386-da8ec4191afe,project1-08-singap-s3,pictures/ccbb5891-0a9a-42a1-bb49-aa099c8c5bc4.jpg,
62e81dfc-6427-4ff6-a478-5f392f39ef45,project1-08-singap-s3,pictures/4fceebb7-3f35-42cb-b234-4d427886b07b.jpg,
d2bce8db-0b1e-49a9-93d4-64c3f457730c,project1-08-singap-s3,pictures/6a277cc6-4ee4-4b96-a0c8-daa08e2f3b9c.heic,
21f0cb8e-3296-4d88-90fb-10419c503c2b,project1-08-singap-s3,pictures/00a89fab-f051-4c2f-b209-9c7ae19a1ca7.heic,
f82c877f-799b-4351-9fe2-454cf62e6a42,project1-08-singap-s3,pictures/77cdf113-a754-4c11-b2c0-2157d622f4d2.jpg,
e03d48e3-fc37-45a1-9b7c-c32147bcfbcf,project1-08-singap-s3,pictures/23250269-72d5-4bfe-9bf3-a31afb990d2c.jpg,
9d4e0d19-5df4-44a4-817c-482019c6607b,project1-08-singap-s3,pictures/46a2d96e-f4eb-4cd4-9c4f-5a2c5cc419bb.jpg,
3dbbdab5-3e62-4833-87ee-7e5735b9cf17,project1-08-singap-s3,pictures/2572917f-f464-45df-8e22-e9e25e805e00.jpg,
30d31b6e-75ec-4dc7-acc8-f5a8585815e6,project1-08-singap-s3,pictures/7efb60a0-8ed4-48f9-9c8d-4cb9d84c4c9f.jpg,
1963e1f3-82d5-40f7-8798-3cdd0ed709f2,project1-08-singap-s3,pictures/672f410e-a1c1-4c29-85a5-6b2257ace7ea.jpg,
cef139e5-49b0-4c44-bb98-c6571e356920,project1-08-singap-s3,pictures/124e24bd-e00c-47b8-be2a-5f8b394591d0.jpg,
b6b0df5b-a504-456a-b2fe-3a074ba2960a,project1-08-singap-s3,pictures/239726ed-4a21-4155-b604-f50c722ac7c3.jpg,
254254cc-6564-4f8c-b804-05c151ff4561,project1-08-singap-s3,pictures/0fd7bbb8-ba53-4a61-a24b-147c96c6bbb7.jpg,
5517ed87-90d9-4223-bb7a-730825107547,project1-08-singap-s3,pictures/6118c485-3d7e-45b4-80a0-76152d954fe5.jpg,
5ae0cc30-4c6b-4800-8fca-9a3e731566fd,project1-08-singap-s3,pictures/b0fc150e-ea43-469d-b9bf-274b0b51061c.jpg,
09f12be8-398a-4f85-b0c0-0912f296e6ef,project1-08-singap-s3,pictures/40fce23a-656c-431a-864a-3b214d4f57a9.jpg,
934d7961-58e3-4a89-a3d5-c07a22d27b27,project1-08-singap-s3,pictures/a7afeec0-51ef-4b3d-80a4-a9684c903e00.jpg,
4ecded1c-13ad-4591-8308-8f8dddebb6d0,project1-08-singap-s3,pictures/c63b7669-153c-4a87-9646-ead869cce5bb.heic,
fa251cba-6208-4708-bf29-10bbe02a3eca,project1-08-singap-s3,pictures/d0ab1f3a-6c8b-4d29-af2f-337385f0189e.jpg,
09ba7103-611c-43f2-9804-19ee8927392a,project1-08-singap-s3,pictures/d217ccfc-ba97-4bce-9cd6-d589ba3054eb.jpg,
7586ce17-5aac-4a79-a9cc-bd26e5372b40,project1-08-singap-s3,pictures/71856f2a-a851-4bfb-aec0-9d9d68baefbd.jpg,
363bcc79-74d9-4e06-a2ca-5e1eb8ecc525,project1-08-singap-s3,pictures/018cb19f-e6ac-4b08-b919-f49b42567d67.jpg,
369bbf80-e0c4-4621-8e7e-01101a5c22af,project1-08-singap-s3,pictures/41b2adb9-3b60-412a-87f8-f1922fd7085f.jpg,
efd1d682-bb7d-49bf-a587-7af166ccb5de,project1-08-singap-s3,pictures/40f962be-684d-48cc-a82e-929f35bee139.jpg,
560f7ca1-594c-425a-96f0-bb354dced1b9,project1-08-singap-s3,pictures/59429d8e-4ad4-4cfa-b81e-c07be308e512.jpg,
cd4c7306-14dc-4dfe-98bf-3465eb98297b,project1-08-singap-s3,pictures/d9d35488-477b-433b-b6e3-b8c6b6fd0c8d.jpg,
5324c9df-e99a-4952-af91-f2cb6c932ad3,project1-08-singap-s3,pictures/f928f2bf-edd3-4102-b333-4ba19819cabf.jpg,
0f7b1350-05b6-4df8-8210-bb9966ea8412,project1-08-singap-s3,pictures/86369a6e-fdbf-4367-9947-4ef0ad51695b.jpg,
c9857fae-006c-4990-adc6-58e309c503c1,project1-08-singap-s3,pictures/a1030e51-1ee2-4b56-9ae4-6ec10f1f469e.jpg,
99cfaed7-fcb8-48c1-9a4c-99a8e90713e0,project1-08-singap-s3,pictures/55abf622-53aa-4331-b2dc-2e6f0bc01259.jpg,
4b487d9a-e3f1-4157-8919-a037480549d3,project1-08-singap-s3,pictures/a8f72be9-8301-48c8-9fe9-5bce9d095f3d.jpg,
674c9a08-7250-4db3-9811-f6009e10372e,project1-08-singap-s3,pictures/ee07146d-6b47-4df3-b557-fb8c2515998c.heic,
c71f88f7-0add-460d-b415-bf6d07037e7f,project1-08-singap-s3,pictures/c2b1b084-41ae-4ecc-b605-2a1befd9012e.jpg,
2c0ba8ca-5d33-4c66-8d54-f915649ab9e3,project1-08-singap-s3,pictures/22a92ca6-d05b-4623-ab4c-26f4a98148a0.jpg,
66df8ec4-1fa9-42e9-9eae-c7573a102d15,project1-08-singap-s3,pictures/baf27d30-6d21-4ada-9ac8-5ef887cbe642.jpg,
2fa5adf9-541c-405e-a28c-92632e5c7bfb,project1-08-singap-s3,pictures/74a0131e-9534-4395-9196-83ca2799dcba.jpg,
ba29daad-5008-4e95-aecf-00798efa6fbf,project1-08-singap-s3,pictures/81696346-2d7b-4f39-852a-3b1d422cbb77.jpg,
4cb8424b-15f7-4a47-94c1-d4f0778a8c1d,project1-08-singap-s3,pictures/71f1872b-90d2-431b-ba3b-0f9ad2fb1fd2.jpg,
a9290cf3-771a-47e0-a19e-5375276112b4,project1-08-singap-s3,pictures/b5b66597-5930-4d8a-867e-9eff0219ea5d.jpg,
a046d5f8-aa99-4e65-8e77-3679e512fd6f,project1-08-singap-s3,pictures/5286b964-363e-4b73-b945-1e42ffd1e9c7.jpg,
c6092461-e18c-4af2-b33f-830fa6de29f8,project1-08-singap-s3,pictures/6d8de626-2b89-4f41-a645-ffef84f247d8.jpg,
8441db0e-8916-4075-84ac-1d9b56b5e428,project1-08-singap-s3,pictures/b36ff65d-89fc-4822-956d-b9c3772242b6.heic,
61526365-a00a-4cf8-8910-c8442d55fa8a,project1-08-singap-s3,pictures/814cab5a-d596-4cef-b54c-c885a56e2600.heic,
d22d6dbc-1c6d-4459-a304-d49981a9f538,project1-08-singap-s3,pictures/6ae139f3-597c-4d29-b227-bfa5f7f5c237.heic,
7b53e21b-6d18-4f1e-bd66-3e311941aef0,project1-08-singap-s3,pictures/8cb2be36-24bb-4c35-9165-a665776fc8c2.jpg,
b87e061e-5697-4015-92a5-4177d80909ac,project1-08-singap-s3,pictures/0286d04c-4126-46dd-9466-026fd60bb7d2.jpg,
236f300b-7e0e-4ace-9c2e-73de29de559a,project1-08-singap-s3,pictures/cd0569d3-44dc-4a7e-92b3-b74509c83f83.jpg,
3c136a1e-44e4-4aa8-99c7-d89c7a69cae7,project1-08-singap-s3,pictures/89558137-37bc-4927-ba5f-9169f3b2ce20.jpg,
378fd0b6-a92b-4c15-a951-357dfdbd6446,project1-08-singap-s3,pictures/97d8e6f0-17d7-493e-90ed-a53f331709b6.heic,
5b0d83e5-ff6a-46c7-b599-9c8a5618ea91,project1-08-singap-s3,pictures/e4fb2612-0588-493c-98d4-9f8957c0361b.jpg,
694beab9-abf9-4b55-97f6-4ca1d6943647,project1-08-singap-s3,pictures/1ac664c5-6986-4605-8a1e-1b573bf71e76.jpg,
96fab80e-83d2-40b3-9733-8b44545569d7,project1-08-singap-s3,pictures/542ca8bd-e0e5-4eb3-a432-887138976e0d.jpg,
e4695301-37a9-4303-b6c1-ce16247e42a0,project1-08-singap-s3,pictures/56860b55-20fc-4003-b4b0-e13bff945b7b.jpg,
a6e089d8-0365-434c-b92e-2c9a9232394b,project1-08-singap-s3,pictures/34d7fd90-b5ac-4294-b672-df679b4d42f0.heic,
450a4b3d-6fea-4b11-a432-21478a51a712,project1-08-singap-s3,pictures/3fe5f4d4-90f6-4c26-9eee-d106e953b42c.heic,
cb3e81d7-05a4-4a51-948a-df9ede61e49a,project1-08-singap-s3,pictures/bdbdd3f4-1eab-450f-bf03-2dca509cac54.jpg,
0cbf184c-7a87-43d4-b313-c0c951ae4753,project1-08-singap-s3,pictures/14a64beb-2089-43d9-a7fa-8a2a2b9c807f.jpg,
ee37f425-f430-4106-a10a-be82a77d6e71,project1-08-singap-s3,pictures/e09bcdd4-c8d8-4591-b37c-0d51a94e04ec.jpg,
b04de5e3-7fba-41ad-914c-c974e9bfb698,project1-08-singap-s3,pictures/6bbbf937-4c35-4dd6-ac92-c2ad73355934.heic,
b1d028bc-7fde-4259-a6d2-2c0a9032c2d4,project1-08-singap-s3,pictures/4d77c88f-bf84-4789-9611-84f09496862c.jpg,
49244530-1d5b-4846-b8b8-857eae3682d4,project1-08-singap-s3,pictures/c873b27a-25b6-4235-b991-a3a086485fcb.jpg,
f33167cf-fdf0-4137-b5c5-a413c627554b,project1-08-singap-s3,pictures/96c9ce31-761d-40cc-ae59-ff076dd0fc5b.heic,
370d8c3b-bbb9-42f7-b631-40a3d469972c,project1-08-singap-s3,pictures/75956453-69f9-4acd-870d-bc42ca720f74.jpg,
db5d5bf9-a14c-4a2f-8378-1fdaa0779e89,project1-08-singap-s3,pictures/756db2da-1353-417e-b780-ae6aab3c1028.jpg,
923537c3-9a91-4d94-9293-0f31584b081a,project1-08-singap-s3,pictures/ff34b8f0-c01d-4c1a-a8c1-daa00fd6d776.heic,
ef232179-598f-4b4c-9f2c-49703050fbff,project1-08-singap-s3,pictures/fd2850c5-774c-4a37-9934-143f3241e7a9.heic,
fcd73d91-3a79-4ec2-b175-a45a738cf225,project1-08-singap-s3,pictures/98613766-29f8-4f07-8d27-e62bb5a5c6a6.jpg,
d860baf8-4c2e-4ce9-9bfa-c352ce851ea5,project1-08-singap-s3,pictures/26f773b6-1c34-4578-8154-f0ec5664d8e6.jpg,
10fd6a4f-e2ec-4572-83ab-6ccbc79a479a,project1-08-singap-s3,pictures/6c604e1d-c580-46da-8b62-e7cabfba9825.jpg,
8c8ea583-fa93-43ad-84e3-a49c42f75d65,project1-08-singap-s3,pictures/8e5dcd80-b253-4aa9-8e6d-f7d967ef9db7.jpg,
37f0b227-8a77-4ffb-9db6-d80fce76c50b,project1-08-singap-s3,pictures/6cd3b64b-901c-449a-9628-60785dbe33ff.jpg,
542fadda-1e39-46ba-aaa0-8151632254c6,project1-08-singap-s3,pictures/1a2bb9a4-770d-48dc-aade-e87cddc02715.heic,
129fe3a0-650e-4679-a682-abd6f46d6bef,project1-08-singap-s3,pictures/47a885c8-faf5-43d9-8576-ec3bc62d8734.jpg,
262e2369-14bf-4ecd-b125-e03ab3d9df3b,project1-08-singap-s3,pictures/00e97fe7-cfa4-42b7-8999-9ac3dec08836.jpg,
be017bcb-300b-4172-a446-102bc8eae961,project1-08-singap-s3,pictures/2d971b08-80c7-410e-986e-de2a7a0a6be5.jpg,
eac5d3f4-0741-431d-b92c-4d4cf49b5b16,project1-08-singap-s3,pictures/76a44a90-1279-4dc7-bd24-a87792231d14.jpg,
bcac69a6-bd32-4f8f-a48f-49e00520466d,project1-08-singap-s3,pictures/9d05cc08-ecba-472f-bf63-a73beca582fc.jpg,
59ce52c6-23ff-4540-9f09-55574223d346,project1-08-singap-s3,pictures/a4990ae2-f739-4380-8784-0340388bbb6c.jpg,
31de6ee7-b882-4abc-93ca-05dfe64a4713,project1-08-singap-s3,pictures/0db0eadb-4653-45a4-b32a-75f13f6a8d0b.jpg,
dce1aff1-dd65-4e06-a149-74c8cf9c916b,project1-08-singap-s3,pictures/671c264e-fc78-4bc8-b2d4-fe9e211bf819.jpg,
80210049-58dc-4d5b-a6e3-f1ee230b9157,project1-08-singap-s3,pictures/7253b909-bd2e-4277-adda-ce79bf80099d.jpg,
d74de5ca-b339-4b85-8014-e31a4e4375f1,project1-08-singap-s3,pictures/6f0aa033-c74c-4800-bec6-853502ee3e4c.heic,
17042987-401d-423e-8b06-6fea0a1aa1e8,project1-08-singap-s3,pictures/e0ac90db-8426-4bdb-8f23-058e9ae452d2.jpg,
4ac01a89-c802-4844-975e-3f74d98c9b4c,project1-08-singap-s3,pictures/68d38705-9595-483b-857c-933ef5c1de15.jpg,
67cb8388-4b29-48c6-b23a-5dd87bdeb8fe,project1-08-singap-s3,pictures/b5238418-ce32-490e-8610-6046405f74de.jpg,
2c684661-d799-4ac0-8e99-6bfb142e4fe9,project1-08-singap-s3,pictures/b87f4f76-7e5e-4877-a8bf-4ef7b3d5c18c.jpg,
4a5fe49e-beb8-438e-9be3-c7a54352e529,project1-08-singap-s3,pictures/34811d9c-c8ce-4db5-90e4-ec21f9531ab2.heic,
f42f9f40-4f96-40ec-81a4-2d7b0566e923,project1-08-singap-s3,pictures/434db055-f82c-4c31-86d3-afb7afef7408.jpg,
ef88e769-ce82-4dc8-a340-efd457d0aeb8,project1-08-singap-s3,pictures/4fac9a1c-4bf7-458b-b2ef-05feafe80058.jpg,
960b70d0-2f86-42a5-8a1b-788290b36ad3,project1-08-singap-s3,pictures/029f25df-d78d-4c87-914c-647f15178024.heic,
2f02a828-a2b8-4c3b-9c01-1f79f2607897,project1-08-singap-s3,pictures/29e5b97e-6415-4510-bb99-88f7ab14e3ff.jpg,
d817cae7-4331-4844-89f0-054034b5a5e1,project1-08-singap-s3,pictures/f04e75e9-80c9-47a0-9206-5510e862ffeb.heic,
18f17eee-d93e-4153-bb9b-5d334fc5b3f3,project1-08-singap-s3,pictures/c50fa304-90e5-40d8-ab0e-51bd7e20ea3e.jpg,
93dd3f78-9891-421a-bed9-e2a7347cdf4c,project1-08-singap-s3,pictures/2c05c35a-6938-4377-a1f8-c37aee17a3ac.jpg,
343b5e44-8f0d-48fc-a210-319f812f9fae,project1-08-singap-s3,pictures/e061c36d-262f-4d69-bf51-3c252ef15a24.jpg,
515c4fb2-e801-4cbc-9dd4-82d77ff66949,project1-08-singap-s3,pictures/40f7c3c6-608c-4cb5-be59-cbe04a1ead55.jpg,
3f664698-d646-4555-b8e5-3bbc2726da03,project1-08-singap-s3,pictures/6a550451-92d2-4b14-a151-654008216546.jpg,
8b2d6f27-d8b2-4a9d-8272-4bc6f2bd6d05,project1-08-singap-s3,pictures/eebcbc47-b1cc-4966-af0a-dc17bbc0bb5e.jpg,
04601645-dd07-4a36-a38b-b7861384bc8e,project1-08-singap-s3,pictures/07d80467-6db7-491b-a4fb-92ab34476df4.heic,
6fb136f2-2899-440d-91f9-d8edc86450ff,project1-08-singap-s3,pictures/40e9aa72-93af-449c-ae30-ed6ce560125c.heic,
9d691f9c-2f01-473f-b05a-cbcc1a6ca9e5,project1-08-singap-s3,pictures/3185e780-dbd2-44ed-ad74-cfa53f27eed6.heic,
4e9bfe2a-3225-4305-9272-c42af4d87841,project1-08-singap-s3,pictures/7fc758b6-0f79-45f6-8a72-4968d0d219a6.heic,
d1168cb7-5614-4985-a892-225283ddf6e5,project1-08-singap-s3,pictures/210d9203-6e87-4154-84ab-42fde7eb1a77.heic,
f15f8f12-6dac-4f27-a036-80166cbdd536,project1-08-singap-s3,pictures/3f0cb170-7b85-490c-a01c-2387cfdba9a3.heic,
1a3d0dc5-2419-45d9-b57a-c4ff2347b7ef,project1-08-singap-s3,pictures/5816cc7c-1c1d-4e1f-aec9-ace5afa24c4f.jpg,
19c4dc58-02d7-4ddf-bcc6-3820b8eef2d6,project1-08-singap-s3,pictures/3ec61217-108f-4b1b-b27e-e0141f9fb7e7.heic,
c2f08e09-c784-4783-87a5-38738547e7ec,project1-08-singap-s3,pictures/9acd173d-d594-49f9-8055-93ed81683508.jpg,
076c8c72-8c80-4f47-8bdf-4ed6a1be52ef,project1-08-singap-s3,pictures/c5e9cb32-e3c7-44c7-a330-b86ee88503de.jpg,
7c88aee3-167b-4ecd-b9cf-e80ec6a57800,project1-08-singap-s3,pictures/4c6d37b3-063f-4be4-9182-eee0d6cdc017.heic,
85d9a88b-27ef-4273-bc92-429d1d49ce22,project1-08-singap-s3,pictures/8b41af24-ff39-4dc8-ad1f-a7b53a117ab2.jpg,
4abd760b-6a7b-4658-bb84-b5956bb246f8,project1-08-singap-s3,pictures/8e336801-921e-4620-9673-96e49695c5d0.jpg,
3c67151b-ce26-4c2c-8337-0186ceddc061,project1-08-singap-s3,pictures/ec51529f-32fa-433c-b431-0c21f6bd695a.jpg,
f01cee3f-7cf9-4e1b-9d1b-bd452512daac,project1-08-singap-s3,pictures/efa85a12-7aa0-403a-94ac-5f77c1d68cd9.jpg,
465dc8fa-1e2b-4c00-8253-7d7f3c32d488,project1-08-singap-s3,pictures/cdc80e42-bae8-4be9-9254-7211fe616a49.jpg,
7960827f-c9f3-4507-bd48-844284f99217,project1-08-singap-s3,pictures/65498ca9-ab8b-40e0-b303-37afb6b5384f.heic,
65a2ee7a-2825-4682-ab1c-7d0afb21d429,project1-08-singap-s3,pictures/6459e75e-48f9-4c8f-ac56-f409ccf6ec32.jpg,
a75413ba-f7e8-4cea-9d22-864d2d31c336,project1-08-singap-s3,pictures/662c55bd-898d-41de-a9c9-661d33b67a64.heic,
596a3af0-2664-4d6d-a58a-e8d4bedc282d,project1-08-singap-s3,pictures/06e3b7fd-9e28-4e53-aa3b-0a7fc172ecd5.heic,
98356570-f857-4e3a-95f1-59e5420605b3,project1-08-singap-s3,pictures/fbdb9a25-ad7e-4443-91d3-c969ceb5f803.jpg,
86ff93d6-debd-4c04-9bba-a658f30fe28e,project1-08-singap-s3,pictures/aae3ffde-94d4-4480-8a86-9dd2a311417d.jpg,
06016924-d7f8-415c-a775-157aa5aa5662,project1-08-singap-s3,pictures/145db608-8085-4806-be7e-873d195f193b.jpg,
669c79c2-d1b9-4dcf-bb8d-270fd5709fcc,project1-08-singap-s3,pictures/617d420b-b339-4d47-92eb-3ad3e22a4606.jpg,
a9b0fa8e-321e-4284-80ea-ed57c8d10ad2,project1-08-singap-s3,pictures/a530af30-303f-4f0f-bd54-8b204c4f0869.jpg,
f6dc5e53-b6e1-4d68-b429-c8922af3f1f8,project1-08-singap-s3,pictures/e0d24418-b516-443f-b9fb-f5ac6a48aa86.jpg,
98ec4dc1-dea9-41b3-ac56-37c24e4e33fb,project1-08-singap-s3,pictures/182ccd82-be1a-45a6-8b2d-2632b83df52d.jpg,
7d5b9c74-30af-4780-8416-9aabcff9236f,project1-08-singap-s3,pictures/bda9c359-76e5-44f9-a526-81d194aba7aa.jpg,
beec2de9-494c-42dc-92fe-02d846981495,project1-08-singap-s3,pictures/e04e8905-5457-49cc-bb06-a72669940c2f.jpg,
9c3bbcd6-1077-498a-aaf0-34f2766a8d42,project1-08-singap-s3,pictures/827a945e-9d03-42e9-8535-e6f9b1e24e47.jpg,
d27c6d7f-687d-464b-9620-c8968fcfa25b,project1-08-singap-s3,pictures/84b45c00-d1b7-4f42-9e83-c9ebc2568e17.jpg,
fb9060cc-2267-4121-9ec1-b34b0b09223a,project1-08-singap-s3,pictures/32e8bc53-be25-48c7-a0cb-08bec9c8d38e.jpg,
19d8710a-b766-46cc-91e1-87b0c8d86ba2,project1-08-singap-s3,pictures/b262c9e8-a738-43a6-a6fe-d29876ddf2ea.jpg,
e17eb094-8a26-48ae-8c87-69dd203ab123,project1-08-singap-s3,pictures/dd216919-0602-4da2-84a3-d0e12afaa4fc.jpg,
e73c78e9-dad3-41db-a49e-cb0e6fc4e820,project1-08-singap-s3,pictures/7412d5da-263d-4bb4-a729-0c23f6255a46.jpg,
6cd88612-132c-4370-aad2-4d14a1ee0165,project1-08-singap-s3,pictures/05a31140-7059-4674-9175-1a78713b85b7.jpg,
8c082afe-2075-4e3f-9d77-3d72f613f69b,project1-08-singap-s3,pictures/7836d407-91c2-49c0-a1b3-d823cab3fdf1.jpg,
52d06e95-cf4a-4644-bfd2-999ce3804d00,project1-08-singap-s3,pictures/05762e99-ce9b-4adc-808c-d8be940e8298.heic,
80076914-27bd-40bb-a7d9-7b57667e91d5,project1-08-singap-s3,pictures/8670cae7-ff39-4a87-bf58-09a0d2d870a6.jpg,
fa2ea732-f37b-486f-8902-304ed722da41,project1-08-singap-s3,pictures/31cc4950-5d75-4daa-8082-709be9931974.jpg,
36f740b6-6f2a-46eb-af99-05342b5427f1,project1-08-singap-s3,pictures/67f913d5-c737-4690-982d-24b0f15d5e3b.jpg,
d44a6e41-4c0a-42c1-86c0-2294d99a3ab7,project1-08-singap-s3,pictures/f4343492-bec3-4c79-b171-286044d4bbee.jpg,
6fdc9160-0d7f-443f-935f-8c4a6521c1e2,project1-08-singap-s3,pictures/f01f2ac7-fdfa-439c-8f4f-1909be34d831.jpg,
24bbb97f-7ad5-4446-aa5c-0b679011a61f,project1-08-singap-s3,pictures/a6552928-1e08-422a-b36d-6f44a5576079.jpg,
639cf4cc-b44a-4a34-9e3a-d0ba6449292a,project1-08-singap-s3,pictures/f50803d5-fc77-4198-8a2a-cdcea040db14.jpg,
e65b2407-9553-40d6-9fd0-5b8f3eb534df,project1-08-singap-s3,pictures/bf7f7c67-3b2b-4d77-b5b9-f2dac7462a46.jpg,
